{"cameraMode":{"drawMode":0,"name":"Shaded","section":"Shading Mode"},"sceneLighting":true,"audioPlay":false,"sceneViewState":{"showFog":true,"showMaterialUpdate":false,"showSkybox":true,"showFlares":true,"showImageEffects":true,"showParticleSystems":true},"in2DMode":false,"pivot":{"x":-1.8614298105239869,"y":0.10025143623352051,"z":-1.5231733322143555},"rotation":{"x":0.010614032857120037,"y":-0.9832744598388672,"z":0.17163223028182984,"w":0.060834236443042758},"size":10.319345474243164,"orthographic":false}